author,statement,source,date,label
Maria Briceño,Imagen muestra que “950 inmigrantes derrumbaron el muro fronterizo entre México y Estados Unidos intentando ingresar a Estados Unidos” en abril 2026.,Instagram posts,2026-04-26,False
Amy Sherman,"“As a result of the 'Big Beautiful Bill' 15 million Americans have been thrown off the healthcare that they need.""",Bernie Sanders,2026-04-22,Barely True
Louis Jacobson,“Secret Service remains unpaid” during the partial government shutdown.,Tim Scott,2026-04-26,False
Amy Sherman,"“Graham Platner blames Maine’s women for getting raped because he says they get f----- up drunk""",Pine Tree Results PAC,2026-04-26,Half True
Maria Briceño,Video shows “unedited raw security footage” of the shooter at the April 25 White House Correspondents’ Association dinner.,Social Media,2026-04-26,False
Louis Jacobson,“We are right now producing more oil than Saudi Arabia and Russia combined.”,Donald Trump,2026-04-23,Mostly True
Louis Jacobson,"Since the 2020 census, Florida has ""moved from a Democrat majority to a 1.5 million Republican advantage.""",Ron DeSantis,2026-04-27,Half True
Maria Briceño,"“Tras el atentado a Trump”, en la cena de corresponsales de la Casa Blanca el 25 de abril, “Irán lanza un mensaje fuerte: ‘no le crean nada, miente’”.",Social Media,2026-04-26,False
Samantha Putterman,"U.S. Rep. Byron Donalds voted ""against three pay raises for military service members, including the largest pay raise for the military in 22 years.""",Jay Collins,2026-04-20,Barely True
Louis Jacobson,"""There's two ways of calculating percentage"" decreases. “If you have a $600 drug and you reduce it to $10, that's a 600% reduction.""",Robert F. Kennedy Jr.,2026-04-22,Pants Fire
Grace Abels,"“With one dose of ibogaine, more than 80% of people are free of (opioid) addiction. With two doses, it's more than 90%.”",Joe Rogan,2026-04-18,Barely True
Maria Briceño,“Newly released FOIA door logs show that former President Joe Biden didn't enter the Oval Office once after the 2024 election.”,X posts,2026-04-21,Pants Fire
Louis Jacobson,Solar and wind have not reached “3% of global energy.”,Chris Wright,2026-04-19,Half True
Loreben Tuquero,Video shows President Donald Trump at the Walter Reed National Military Medical Center.,Facebook posts,2026-04-19,False
Zoe Weyand,"President Donald Trump's proposed 2027 military budget would be ""the largest spending increase since World War II.”",Democratic National Committee,2026-04-03,Mostly True
Loreben Tuquero,"Video shows the United States’ April 19, 2026, strike on an Iranian cargo ship.",Social Media,2026-04-19,False
Amy Sherman,"“83% of us favor requiring a photo ID to vote. In fact, most of the civilized world requires it but not us.”",Restoration of America,2026-04-13,Half True
Maria Briceño,"El papa León XIV ""pide destituir a Donald Trump"".",Social Media,2026-04-14,False
Louis Jacobson,“Thom Tillis is no longer a senator.”,Donald Trump,2026-04-15,False
Louis Jacobson,"The U.S. Navy was created ""to free international waters from the Barbary pirates.""",Byron Donalds,2026-04-12,Mostly True
Samantha Putterman,“The Dignity Act is mass amnesty.”,Brandon Gill,2026-04-07,Half True
Maria Briceño,Pope Leo XIV “thinks it’s OK for Iran to have a nuclear weapon.”,Donald Trump,2026-04-12,Pants Fire
Amy Sherman,“Moulton voted with Republicans to thank ICE for protecting our homeland. He thanked ICE as they were terrorizing our communities and killed citizens in broad daylight.”,Commonwealth Together PAC,2026-04-08,Barely True
Maria Briceño,Photos and clips show the moon from Artemis II.,Social Media,2026-04-06,False
Loreben Tuquero,Video shows a US soldier crying and saying she misses home and her family.,Social Media,2026-04-04,False
Maria Briceño,Photos show rescues of U.S. F-15 airmen from Iran in April 2026.,Social Media,2026-04-05,Pants Fire
Jill Terreri Ramos,"As Nassau County Executive, I hired 600 new law enforcement officers and made Nassau the safest county in America.",Bruce Blakeman,2026-03-10,Barely True
Louis Jacobson,"""Bombing civilian power infrastructure is a war crime.”",Seth Moulton,2026-03-24,Mostly True
Holden Turek,New York leads the nation in population loss.,Marc Molinaro,2026-02-14,Half True
Louis Jacobson,“We've had regime change.”,Donald Trump,2026-03-29,Barely True
Emma Gavazzi,Milk prices “currently are no higher than they were in 1980’s.”,Blake Gendebien,2026-01-30,Mostly True
Louis Jacobson,“More Americans are working today than at any time in the history of our country.”,Donald Trump,2026-03-27,Half True
Maria Briceño,Video shows ICE agent removing “US citizen on a plane for being Latino.”,Facebook posts,2026-03-26,False
Loreben Tuquero,Image shows President Donald Trump asked Florida Gov. Ron DeSantis on Truth Social to pardon Tiger Woods following a DUI charge.,Social Media,2026-03-27,False
Amy Sherman,"""Mail-in voting means mail-in cheating.”",Donald Trump,2026-03-23,Pants Fire
Amy Sherman,"The SAVE America Act “requires everyone to re-register to vote in person and your driver’s license, REAL ID, or military ID aren’t even good enough.”",Mark Kelly,2026-03-17,Half True
Loreben Tuquero,Video shows Israelis fleeing to Cyprus.,Social Media,2026-03-19,False
Samantha Putterman,"""Youth underemployment for college grads is 70%"" nationwide.",James Fishback,2026-03-11,False
Amy Sherman,“9% of American citizens don't have the identification that the SAVE act requires to vote. Almost 1 in 10.”,Tammy Duckworth,2026-03-18,Mostly True
Amy Sherman,“You can't shovel snow in New York City without an ID.”,Katie Britt,2026-03-19,Barely True
Zoe Weyand,"“In the modern era, no American president has ordered more military strikes against as many different countries as Donald Trump.”",Elizabeth Warren,2026-03-03,True
Louis Jacobson,"The SAVE America Act “would force Americans to register (to vote) only in person, something only 5% of Americans do today.""",Charles Schumer,2026-03-17,Half True
Samantha Putterman,Florida school districts are the “biggest” drivers of increased property taxes.,Byron Donalds,2026-03-08,Barely True
Grace Abels,Video shows toddler crying over casket of American service member killed in Iran.,Social Media,2026-03-15,False
Loreben Tuquero,An AI video is proof that Israeli Prime Minister Benjamin Netanyahu is dead.,Social Media,2026-03-13,Pants Fire
Louis Jacobson,The U.S. produces “more oil than we can consume. We’re a net oil exporter.”,Chris Wright,2026-03-12,Half True
Maria Briceño,El líder de Corea del Norte Kim Jong Un dijo que “ningún Dios podrá proteger a Estados Unidos de nuestras nuevas armas”.,TikTok posts,2026-03-06,False
Maria Briceño,"""BREAKING: So the Israeli media reports Itamar Ben‑Gvir died in a 'car crash,' while in fact he’s been obliterated by an Iranian missile strike on his home.""",X posts,2026-03-09,False
Louis Jacobson,Iran “also has some Tomahawks.”,Donald Trump,2026-03-09,False
Maria Briceño,"El Presidente de El Salvador Nayib Bukele dijo, “con las guerras que ha empezado Donald Trump les pido a todos los inmigrantes en Estados Unidos que piensen en salir de ese país”.",TikTok posts,2026-03-05,Pants Fire
Maria Ramirez Uribe,“El régimen de Irán ha confesado que (el Cuerpo de la Guardia Revolucionaria Islámica) bombardeó por error… una escuela iraní” el 28 de febrero.,X posts,2026-03-01,False
Zoe Weyand,Iran released a list of U.S. cities it will target.,Social Media,2026-03-03,False
Samantha Putterman,"The Biden administration ""reversed"" a policy of deporting people in the country illegally who have committed felonies.",Ashley Moody,2026-03-03,False
Louis Jacobson,The 2015 Iran nuclear agreement “gave (Iran) the right to have top-of-the-line nuclear weapons.”,Donald Trump,2026-03-03,False
Samantha Putterman,"Artificial intelligence data centers ""drive up electric bills by 30 or 40%"" and ""suck up 500,000 gallons of water a day.”",James Fishback,2026-02-26,Half True
Zoe Weyand,"Video shows a US air base in Riyadh, Saudi Arabia, being destroyed by Iran.",X posts,2026-02-28,False
Amy Sherman,On the US seeking regime change,Donald Trump,2026-02-28,Full Flop
Paul Specht,"NC state Sen. Phil Berger, R-Rockingham, “killed a bill banning sex-change surgeries for minors.”",Guilford-Rockingham Alliance,2026-01-20,Barely True
Louis Jacobson,"“There is no history … that shows an air campaign alone will result in positive regime change. In fact, there's not a single example of it in the entirety of American history.”",Chris Murphy,2026-03-01,Mostly True
Maria Ramirez Uribe,“The regime in Iran has now confessed that the (Islamic Revolutionary Guard Corps) mistakenly bombed an Iranian school yesterday.”,X posts,2026-03-01,False
Maria Briceño,"“Israeli shooter opened fire inside an Austin (Texas) bar” on March 1, 2026.",X posts,2026-03-01,False
Loreben Tuquero,Videos show Iranian missiles struck and damaged the USS Abraham Lincoln aircraft carrier.,Social Media,2026-03-01,Pants Fire
Maria Briceño,"U.S. men’s hockey Olympian Brady Tkachuk said about the Canadian hockey team, “They booed our national anthem, so I had to come out and teach those maple syrup eating f----s a lesson.”",Donald Trump,2026-02-22,Pants Fire
George Headley,An Instagram video shows a New York City man sculpting a car out of snow.,Instagram posts,2026-02-24,False
Maria Briceño,An audio clip reveals a Jeffrey Epstein victim’s account of abuse by the Clintons.,Social Media,2026-02-24,Pants Fire
Loreben Tuquero,"President Donald Trump’s tariff policies “have forced American families to pay more than $1,700 each in tariff costs” since last year.",Abigail Spanberger,2026-02-24,Mostly True
Paul Specht,Says Sam Page “got busted calling Trump’s (immigration) plan unrealistic.”,NC True Conservatives PAC,2026-01-20,False
Chris Doody,“Nearly 27% of all homes sold in the first quarter of 2025 were bought by investors.”,Josh Riley,2026-01-08,Half True
Maria Briceño,"Imagen muestra a Puerto Vallarta, México, después de la muerte de Nemesio “El Mencho” Oseguera Cervantes, el líder del Cártel Jalisco Nueva Generación.",Social Media,2026-02-22,False
Maria Ramirez Uribe,"After U.S. vessel strikes in the Caribbean Sea and Pacific Ocean, “drugs entering our country by sea are down 97%.”",Donald Trump,2026-01-29,False
Maria Briceño,"Image shows Puerto Vallarta, Mexico, after the killing of Nemesio “El Mencho” Oseguera Cervantes, the head of Jalisco New Generation Cartel.",Social Media,2026-02-22,False
Grace Abels,Says “90% of health care spending treats chronic disease.”,Robert F. Kennedy Jr.,2026-01-07,False
Jill Terreri Ramos,New York ranks No. 1 in the nation for individual tax burden.,Bruce Blakeman,2026-01-14,Mostly True
Loreben Tuquero,The Epstein files “expose Ellen DeGeneres” as a cannibal.,Social Media,2026-02-14,Pants Fire
Maria Briceño,"Savannah Guthrie's husband’s company is listed as a ""co conspirator"" in the Epstein files, “in case you're wondering why now of all times for (her) mother to be 'kidnapped.'""",X posts,2026-02-12,False
Amy Sherman,"Crime in Minneapolis “is down 25, 30% because we’ve removed thousands of criminals from the area.”",Donald Trump,2026-02-08,Barely True
Brooke Johnpier,“New Yorkers pay 49% more than the national average for electricity.”,Tom O'Mara,2026-01-20,Mostly True
Andrew McGurl,Said she has led the House effort to build a large Micron semiconductor facility near Syracuse.,Claudia Tenney,2026-01-16,Half True
Louis Jacobson,"""The crime rate now is the lowest it's been since 1900. That's 125 years.""",Donald Trump,2026-02-03,Half True
Samantha Putterman,"“Durante su presentación en el Super Bowl, Bad Bunny le regaló su premio Grammy a Liam Conejo Ramos”, el niño de 5 años que fue detenido por ICE.",Social Media,2026-02-08,False
Loreben Tuquero,An image shows Bad Bunny wearing a dress and burning the U.S. flag.,Social Media,2026-02-08,Pants Fire
Louis Jacobson,“We right now have more factories and plants being built in our country than we've ever had before.”,Donald Trump,2026-01-27,Half True
Samantha Putterman,"During the Super Bowl halftime show, “Bad Bunny brought Liam Conejo Ramos onto the stage,” the 5-year-old detained by Immigration and Customs Enforcement in Minneapolis.",Social Media,2026-02-08,False
Loreben Tuquero,"An image shows Jeffrey Epstein “still alive and walking the streets of Tel Aviv,” Israel.",Social Media,2026-02-05,Pants Fire
Amy Sherman,"Under Michigan Gov. Gretchen Whitmer, there are “fewer families living in poverty” than under her predecessor.",Gretchen Whitmer,2026-02-02,Half True
Louis Jacobson,"Among Somalis in Minnesota, “92% of them don’t work.”",Donald Trump,2026-02-02,Pants Fire
Maria Briceño,"Images show New York City Mayor Zohran Mamdani as a child with his mother, Mira Nair, and Jeffrey Epstein.",X posts,2026-01-31,Pants Fire
Loreben Tuquero,"In artificial intelligence, “We're leading China by a lot.”",Donald Trump,2026-01-21,Half True
Samantha Putterman,The Federal Emergency Management Agency’s “backlog of unanswered disaster assistance applications has exploded to the largest in its history.”,Jared Moskowitz,2026-01-22,Mostly True
Amy Sherman,"""Right now we're focused on Minneapolis because that's where we have the highest concentration of people who have violated our immigration laws.""",JD Vance,2026-01-22,False
Maria Briceño,"An image shows Alex Pretti holding a gun, not a phone, while pinned by federal immigration agents in Minneapolis.",X posts,2026-01-25,False
Louis Jacobson,“You cannot bring a firearm loaded with multiple magazines to any sort of protest that you want. It’s that simple.”,Kash Patel,2026-01-25,Barely True
Maria Briceño,Protesters against the federal immigration crackdown in Minnesota are conducting “fake protests done by agitators and professional insurrectionists. …They're professional troublemakers.”,Donald Trump,2026-01-21,False
Madison Czopek,Trees can explode if temperatures drop to 20 degrees below zero.,Social Media,2026-01-20,Barely True
Loreben Tuquero,Evan Kilgore is one of the Border Patrol agents who shot Alex Pretti in Minneapolis.,Social Media,2026-01-25,Pants Fire
Maria Briceño,"Donald Trump posted on Truth Social, “Only criminals carry guns on our streets, we need law and order.”",Social Media,2026-01-24,Pants Fire
Paul Specht,"“Trump’s $2,000 tariff dividend is live but you must act.”",Major Gross Profit,2026-01-16,False
Maria Briceño,"Video showing a vacant lot at a Venice, California, address where 26 voters were registered exposes voter fraud.",Benny Johnson,2026-01-16,False
Grace Abels,The former U.S. childhood vaccine schedule called for babies to get “72 injections.”,Donald Trump,2026-01-05,False
Madison Czopek,“No están recibiendo el entrenamiento tradicional de cinco meses… .El entrenamiento para los agentes de ICE ahora es de 47 días”.,Mark Warner,2026-01-11,Mostly True
Amy Sherman,A letter sent to postal service employees about working during emergencies such as civil unrest is a sign that President Donald Trump will impose martial law.,Social Media,2026-01-11,False
Amy Sherman,"“By federal law, if you sign someone up for Medicaid, you also give them the right to vote. … This is political patronage at the expense of Medicaid.”",Mehmet Oz,2026-01-06,False
Louis Jacobson,"""If we stop this fraud, this massive fraud, we're going to have a balanced budget.""",Donald Trump,2026-01-13,False
Loreben Tuquero,A document shows Minnesota shooting victim Renee Good had a record of child abuse.,Social Media,2026-01-11,False
Louis Jacobson,Credit card companies would be “in violation of the law” if they don’t cap interest rates at 10% by Jan. 20.,Donald Trump,2026-01-11,False
Madison Czopek,“They are not getting the traditional five months training. … The training for the ICE agents now is 47 days.”,Mark Warner,2026-01-11,Mostly True
Loreben Tuquero,Images of an unmasked man show the immigration officer who shot a woman in Minneapolis.,Social Media,2026-01-07,Pants Fire
Maria Briceño,Viral photo shows the woman killed by an ICE agent Jan. 7 in Minneapolis.,Social Media,2026-01-07,False
Amy Sherman,"The Justice Department has been investigating fraud in Minnesota “for months. So far, we have charged 98 individuals.”",Pam Bondi,2025-12-29,Half True
Maria Ramirez Uribe,Maduro was “flooding America with deadly fentanyl.”,Donald Trump,2026-01-05,False
Samantha Putterman,Venezuelan leader Nicolás Maduro “was releasing people from his prisons and sending them to our southern border under the Biden administration.”,Ron DeSantis,2026-01-05,False
Maria Briceño,"Video shows “leaked Donald Trump audio about the Epstein files and Venezuela.""",Facebook posts,2026-01-05,False
Madison Czopek,Gov. Tim Walz had Democratic lawmaker Melissa Hortman killed.,Donald Trump,2026-01-03,False
Maria Briceño,Video shows “millions of Venezuelans flooded the streets of Caracas” to celebrate Nicolás Maduro’s capture.,Alex Jones,2026-01-03,False
Loreben Tuquero,Images and videos show aftermath of Venezuelan President Nicolás Maduro’s capture.,Social Media,2026-01-03,Pants Fire
Jeff Cercone,Brown University student Mustapha Karbouch was a suspect in school shooting.,Social Media,2025-12-15,False
Maria Briceño,Images from Jeffrey Epstein “archives” show President Donald Trump and Epstein with young women.,X posts,2025-12-12,Pants Fire
Maria Briceño,Image shows Rob Reiner tweeted in 2023 that he would stop posting until “Trump goes to prison.”,Laura Loomer,2025-12-15,False
Jill Terreri Ramos,Gov. Kathy Hochul has raised taxes.,Elise Stefanik,2025-11-07,Half True
Louis Jacobson,The U.S. has received promises of investments totaling $18 trillion to $22 trillion since January.,Donald Trump,2025-12-09,False
Amy Sherman,“I take responsibility for putting people in jail” in Minnesota fraud scandal.,Tim Walz,2025-11-30,False
Maria Briceño,Video muestra noticia de “última hora” en el que el presidente venezolano Nicolás Maduro se “rindió públicamente” ante el presidente Donald Trump.,Donald Trump,2025-12-01,Pants Fire
Louis Jacobson,"Any pardon signed with an autopen is now ""fully and completely terminated, and is of no legal effect.""",Donald Trump,2025-12-02,False
Paul Specht,A new North Carolina law “prohibits the use of wireless communication devices while driving.”,Facebook posts,2025-12-01,False
Maria Briceño,"Video shows “breaking” news that Venezuelan President Nicolás Maduro ""publicly surrendered"" to President Donald Trump.",Donald Trump,2025-12-01,Pants Fire
Paul Specht,"“This Thanksgiving, turkey prices are at their lowest point since 2000.”",Richard Hudson,2025-11-24,False
Madison Czopek,"The Trump administration removed nursing from the list of professional degree programs, affecting aspiring nurses’ student loan access.",Social Media,2025-11-20,Half True
Louis Jacobson,“I have just gotten the highest poll numbers of my ‘political career.’”,Donald Trump,2025-11-22,False
Paul Specht,"“There’s about 1,400 criminal illegal aliens that, right now, are in North Carolina and Charlotte’s jails that they refuse to turn over to ICE law enforcement.”",Tricia McLaughlin,2025-11-17,False
Trent Ao,West Virginia is “the only state losing population.”,Kayla Young,2025-11-05,False
Maria Briceño,A pro-Donald Trump Montana town planned a “pedophile bonfire” in a park for burning Trump flags and MAGA hats.,X posts,2025-11-15,Pants Fire
Madison Czopek,“We’re not cutting science. We’re not cutting research.”,Robert F. Kennedy Jr.,2025-11-17,Pants Fire
Samantha Putterman,Housing is expensive “because we flooded the country with 30 million illegal immigrants” and because of a housing shortage.,JD Vance,2025-11-13,Barely True
Louis Jacobson,"Stock prices for health insurance companies are “up over 1,000% over a short period of time.”",Donald Trump,2025-11-16,Half True
Madison Czopek,Video shows President Donald Trump patting President Bill Clinton’s crotch.,TikTok posts,2025-11-15,False
Samantha Putterman,“Evidence suggests that 1 in 25 women who consume (abortion) pills are hospitalized.”,James Uthmeier,2025-11-06,Barely True
Louis Jacobson,“My tariffs … are helping to slash the deficit this year by more than 25%.”,Donald Trump,2025-11-12,False
Louis Jacobson,Walmart’s 2025 package of Thanksgiving dinner ingredients shows a “25% reduction in costs for Thanksgiving between (President Joe) Biden and me.”,Donald Trump,2025-11-06,Barely True
Loreben Tuquero,“DOGE halts yearly payment of $2.5 million to Barack Obama for ‘royalties linked to Obamacare.’”,Donald Trump,2025-11-09,Pants Fire
Paul Specht,“North Carolina teachers are already the lowest paid teachers in the south.”,Anderson Clayton,2025-10-29,Barely True
Maria Briceño,“RFK Jr. flees the scene after Novo Nordisk Executive Gordon Findlay collapsed in the Oval Office.”,X posts,2025-11-06,False
Louis Jacobson,New York City Mayor-elect Zohran Mamdani “is bringing Sharia law to America.”,Nancy Mace,2025-11-06,Pants Fire
Grace Abels,Voting in California is “rigged.”,Donald Trump,2025-11-04,Pants Fire
Maria Briceño,"New York state has ""no ID requirement"" to vote, and people could lie about their address and ""vote in multiple precincts.""",X posts,2025-11-02,Barely True
Louis Jacobson,“The New York City ballot form is a scam” because “mayoral candidates appear twice.”,Elon Musk,2025-11-04,False
Amy Sherman,"The federal government “decided to shut down the SNAP machines, so that they can’t be used.”",JB Pritzker,2025-10-30,False
Loreben Tuquero,The majority of Supplemental Nutrition Assistance Program recipients are not U.S. citizens.,X posts,2025-10-28,False
Nick Karmia,“No American citizens have been arrested or detained” during the Trump administration’s immigration crackdowns.,Kristi Noem,2025-10-30,Pants Fire
Samantha Putterman,"In Florida, “68 to 70% of property tax revenue” is from “second homes, investment properties, commercial properties, Airbnb,” not primary residences.",Ron DeSantis,2025-10-15,Mostly True
Maria Ramirez Uribe,"“To all ICE officers, you have federal immunity in the conduct of your duties.”",Stephen Miller,2025-10-24,Barely True
Loreben Tuquero,Walmart will close to in-store shoppers and allow only online orders and curbside pickup starting Nov. 1 because of an expected Supplemental Nutrition Assistance Program funding lapse.,Social Media,2025-10-22,Pants Fire
Louis Jacobson,"""Overall, the inflation since President Trump” took office “has come down.""",Scott Bessent,2025-10-26,Half True
Maria Briceño,"Video shows Hurricane Melissa hitting Jamaica on Oct. 26, 2025.",X posts,2025-10-26,False
Louis Jacobson,"An ad from the government of Ontario, Canada, “misrepresents” President Ronald Reagan’s April 25, 1987, address about tariffs.",The Ronald Reagan Presidential Foundation and Institute,2025-10-23,Barely True
Louis Jacobson,"“The Trump administration just declared that erecting a ballroom is the president’s main priority,” rather than issues such as the cost of living and health care.",Hakeem Jeffries,2025-10-23,False
Maria Ramirez Uribe,"Con respecto a los ataques contra las embarcaciones en las costas de Venezuela, “por cada barco que destruimos, salvamos 25,000 vidas estadounidenses”.",Donald Trump,2025-10-15,Pants Fire
Grace Abels,A new White House ballroom “won't interfere with the current building.”,Donald Trump,2025-07-31,Full Flop
Samantha Putterman,"“About 25% of the time the Coast Guard boards a ship, there are no drugs.”",Rand Paul,2025-10-19,Mostly True
Maria Ramirez Uribe,"“Fifty percent of the presidents, almost, have used (the Insurrection Act). And that's unquestioned power.”",Donald Trump,2025-10-19,Barely True
Amy Sherman,"""Political violence, it's just a statistical fact that it's a bigger problem on the left.”",JD Vance,2025-10-15,Barely True
Maria Briceño,Video shows “No Kings” protest in the United Kingdom.,X posts,2025-10-18,Pants Fire
Louis Jacobson,Democrats are “dishonestly sending around a video from 2017” claiming it was an Oct. 18 ‘No Kings’ rally in Boston.,Ted Cruz,2025-10-19,False
Samantha Putterman,Florida will be the “hardest hit” state in the country if enhanced Affordable Care Act subsidies expire.,Darren Soto,2025-10-13,Mostly True
Louis Jacobson,"“We’ve never had a president that solved one war, not one war.”",Donald Trump,2025-10-17,Pants Fire
Maria Ramirez Uribe,"Regarding boat strikes off the coast of Venezuela, “Every boat that we knock out we save 25,000 American lives.”",Donald Trump,2025-10-15,Pants Fire
Maria Briceño,Un video muestra un “arresto por robo que la policía de Chicago realizó hace más de un año”.,Tricia McLaughlin,2025-10-12,False
Louis Jacobson,"As the Trump administration pursues mortgage fraud charges against Letitia James, “there are three Cabinet members who committed mortgage fraud that he’s just letting fly.”",Dan Koh,2025-10-09,Barely True
Amy Sherman,"“Trump’s budget called for a $300 (million) cut” to the Women, Infants and Children program.",James Clyburn,2025-10-08,True
Natalie Ribar,“Vaccine makers are exempt from all liability for vaccine injury and death.”,West Virginians For Health Freedom,2025-08-29,Barely True
Maria Briceño,A video shows a “burglary arrest Chicago Police made over a year ago.”,Tricia McLaughlin,2025-10-12,False
Maria Ramirez Uribe,"“If you vote no on Prop 50 to stop the redistricting, it shows through the envelope,” making it easy for Democrats to cheat.",X posts,2025-10-09,Barely True
Arielle Zionts,“It's going to be the biggest infusion of federal dollars into rural health care in American history.”,Robert F. Kennedy Jr.,2025-09-04,Barely True
Maria Briceño,"“El CEO de Coca-Cola, James Quincey, lanzó un ultimátum contundente: cancelen la actuación de Bad Bunny en el Super Bowl o la marca terminará su patrocinio del evento.”",Instagram posts,2025-10-05,Pants Fire
Maria Ramirez Uribe,"“As a condition for ending the Democrat shutdown, Democrats want hospitals (to be) paid MORE to treat illegal aliens than American citizens.”",Mike Johnson,2025-10-05,False
Louis Jacobson,“The FBI tapped my phone” and those of other senators.,Josh Hawley,2025-10-07,Barely True
Maria Briceño,“Coca-Cola CEO drops bombshell ultimatum to NFL — pull Bad Bunny from Super Bowl halftime or lose our $100 (million) sponsorship!”,X posts,2025-10-05,Pants Fire
Samantha Putterman,Democrats shut down the government because they want “health care for illegal aliens and funding for free abortions.”,Rick Scott,2025-10-02,False
Maria Briceño,“Portland is burning to the ground.”,Donald Trump,2025-10-05,False
Maria Ramirez Uribe,“Los demócratas están amenazando con cerrar todo el gobierno porque quieren dar cientos de miles de millones de dólares en beneficios de cuidado de salud a los inmigrantes ilegales”.,JD Vance,2025-09-28,False
Maria Briceño,"Thirty percent of U.S. medical residents are international medical graduates, and 10,000 of 43,000 residency spots are filled by H-1B visa holders.",X posts,2025-09-19,Half True
Louis Jacobson,“You never heard Biden say” the U.S. has “the strongest military anywhere in the world.”,Donald Trump,2025-09-30,Pants Fire
Maria Ramirez Uribe,“Democrats are threatening to shut down the entire government because they want to give hundreds of billions of dollars of health care benefits to illegal aliens.”,JD Vance,2025-09-28,False
Samantha Putterman,"On Jan. 6, 2021, 274 FBI agents were “probably acting as agitators and insurrectionists, but certainly not as ‘law enforcement officials.’”",Donald Trump,2025-09-27,Pants Fire
Louis Jacobson,"People with insurance through the Affordable Care Act will see a “75% increase in premiums starting Nov. 1” if enhanced subsidies are not extended, including “twice as much in the rural areas.”",Amy Klobuchar,2025-09-28,Mostly True
Amy Sherman,"“If the government shuts down, members of Congress still get paid. The janitors never get paid.”",Dan Koh,2025-09-29,Mostly True
Louis Jacobson,"""Republicans have effectively ended medical research in the United States of America.""",Hakeem Jeffries,2025-09-24,Barely True
Jill Terreri Ramos,"During Gov. Hochul’s tenure, there has been “more crime on our streets.”",Robert Ortt,2025-08-04,Mostly True
Grace Abels,"Small children are given ""80 different vaccines.""",Donald Trump,2025-09-21,False
Madison Czopek,“Erika Kirk is banned from Romania because her Evangelical group was accused of trafficking children out of Romanian villages.”,X posts,2025-09-23,False
Louis Jacobson,The U.S. currently has “no inflation.”,Donald Trump,2025-09-19,False
Louis Jacobson,“I have ended seven unendable wars.”,Donald Trump,2025-09-23,Barely True
Madison Czopek,“There's no downside” to avoiding Tylenol or acetaminophen use while pregnant.,Donald Trump,2025-09-22,Pants Fire
Madison Czopek,"There was not “a single, prominent conservative voice in the country that even remotely wanted or hoped or was pushing to get Jimmy Kimmel taken off the air.”",Sean Hannity,2025-09-17,False
Loreben Tuquero,Former President Barack Obama eliminated a law that “held news corporations accountable for lying to the American people.”,Social Media,2025-09-12,False
Louis Jacobson,“Republicans are spiking health insurance premiums by 75% for everyday Americans” if they don’t extend enhanced Affordable Care Act subsidies.,Katherine Clark,2025-09-12,Mostly True
Paul Specht,“North Carolina has just approved a law permitting foreign doctors to practice without completing U.S. training or licensing exams.”,X posts,2025-08-16,Barely True
Will Doran,Former North Carolina Gov. Roy Cooper “bears direct responsibility” for the fatal stabbing of a woman on the Charlotte rail system.,Michael Whatley,2025-09-06,False
Samantha Putterman,A book on Amazon titled “The Shooting of Charlie Kirk” with a Sept. 9 publication date is evidence the event was staged.,X posts,2025-09-11,False
Louis Jacobson,"“Wind and solar energy infrastructure is essentially worthless when it is dark outside, and when the wind is not blowing.”",U.S. Energy Department,2025-09-05,False
Maria Briceño,Video shows Chicago salt trucks were used “to slow traffic and block access points in response to an incoming ICE operation.”,TikTok posts,2025-09-07,False
Maria Ramirez Uribe,Las cifras de la Oficina de Estadísticas Laborales de EE.UU. muestran que “tenemos 1.6 millones de inmigrantes ilegales que han regresado a su país de origen voluntariamente”.,Kristi Noem,2025-08-19,Half True
Louis Jacobson,“Groceries are down. Energy is way down. ... Was $4 and $5 for a gallon of gas.”,Donald Trump,2025-08-26,Half True
Louis Jacobson,“The average American worker has already seen a $500 wage increase this year.”,Donald Trump,2025-08-26,Half True
Grace Abels,“Everybody can get” the COVID-19 vaccine.,Robert F. Kennedy Jr.,2025-09-04,Barely True
Samantha Putterman,Every school vaccine mandate “drips” with “slavery.”,Joseph Ladapo,2025-09-03,Pants Fire
Maria Ramirez Uribe,"U.S. Bureau of Labor Statistics statistics show, “We have 1.6 million illegal aliens that have gone home voluntarily.”",Kristi Noem,2025-08-19,Half True
Maria Briceño,President Donald Trump’s “official schedule was suddenly suspended.”,X posts,2025-09-01,False
Samantha Putterman,The U.S. Census included a citizenship question “for over 150 years” before the Obama administration.,James Uthmeier,2025-08-24,False
Maria Briceño,A Vanity Fair cover featured first lady Melania Trump as “The American Queen.”,X posts,2025-08-28,Pants Fire
Amy Sherman,"Following the passage of a 2022 gun safety law, mass shootings “began to drop.”",Chris Murphy,2025-08-27,Half True
Amy Sherman,"In Washington, D.C., “We always have a murder a week.”",Donald Trump,2025-08-25,False
Louis Jacobson,"""If you go back to World War II, if you go back to World War I, if you go back to every major conflict in human history, they all end with some kind of negotiation.""",JD Vance,2025-08-24,False
Maria Briceño,An Aug. 23 video shows “the military’s already showing up in Chicago” before a potential National Guard deployment.,X posts,2025-08-23,False
Louis Jacobson,“We had the biggest tax cut for families that this country has ever seen.”,JD Vance,2025-08-21,Barely True
Maria Ramirez Uribe,"TikTok videos show police clearing out homeless encampments in Washington, D.C.",TikTok posts,2025-08-16,False
Loreben Tuquero,“Democrats have voted for national independent redistricting. Republicans have not.”,Gavin Newsom,2025-08-17,Mostly True
Grace Abels,"The Smithsonian Institution includes “nothing about success, nothing about brightness, nothing about the future.”",Donald Trump,2025-08-19,Pants Fire
Louis Jacobson,"With voting machines, ""They say we're going to have the results in two weeks. With paper ballots, you have the results that night.""",Donald Trump,2025-08-18,False
Amy Sherman,“We are now the only country in the world that uses mail-in voting.”,Donald Trump,2025-08-18,False
Maria Briceño,"La presidenta de México, Claudia Sheinbaum, dijo que la muerte del político colombiano Miguel Uribe Turbay, “Es bueno para Colombia, un político menos de que preocuparse”.",TikTok posts,2025-08-12,Pants Fire
Hope Karnopp,“The (Evers) Era locked Wisconsin families into a 400‑year property tax increase.”,Americans for Prosperity,2025-07-28,Mostly True
Maria Ramirez Uribe,"Washington, D.C., has 41 homicides per 100,000 people, “No. 1 that we can find anywhere in the world.”",Donald Trump,2025-08-11,False
Maria Ramirez Uribe,“Promises kept: negative net migration (in the U.S.) for the first time in 50 years!”,Donald Trump,2025-08-04,Barely True
Samantha Putterman,The official U.S. government website erased sections of the U.S. Constitution without amending it.,Threads posts,2025-08-06,False
Maria Briceño,"Osos pardos, bisontes y pumas están huyendo del Parque Nacional de Yellowstone hacia Salt Lake City, Utah.",TikTok posts,2025-07-17,False
Paul Specht,“Democrats have 24 more seats (in Congress) than they would have if illegal aliens were not counted in the census.”,John Blust,2025-06-13,False
Maria Briceño,"Elk, grizzly bears, bison and mountain lions are fleeing Yellowstone National Park to Salt Lake City, Utah.",TikTok posts,2025-07-16,False
Amy Sherman,Texas Republicans held one hearing on flood response but eight hearings on redistricting,Ken Martin,2025-08-05,Half True
Louis Jacobson,"Bureau of Labor Statistics employment numbers “were rigged” when the agency revised them “down by almost 900,000 jobs” after the 2024 election.",Donald Trump,2025-08-05,Pants Fire
Samantha Putterman,“I’ve stopped six wars” since taking office in January 2025.,Donald Trump,2025-07-28,Barely True
Gabrielle Lazor,"President Donald Trump “made 4,725 wire transfers” to Jeffrey Epstein, totaling nearly $1.1 billion.",Social Media,2025-07-27,False
Maria Briceño,"“Home Depot signed a deal that pays them $250 million with DHS, allowing ICE agents to stake out their parking lots and arrest immigrants.”",Threads posts,2025-07-28,False
Paul Specht,“Guns are the leading cause of death for children in North Carolina.”,Josh Stein,2025-06-06,Mostly True
Madeline Heim,“Nearly 25 cents of every $1 spent via SNAP goes to farmers and ranchers.”,Francesca Hong,2025-06-12,True
Maria Briceño,"Oprah Winfrey refused to open her private Maui road during July 29, 2025, tsunami warnings.",X posts,2025-07-29,Pants Fire
Gabrielle Lazor,“We gave $60 million two weeks ago” for food aid to Gaza.,Donald Trump,2025-07-27,Half True
Maria Briceño,Suspect in July 28 New York City shooting “was shouting Free Palestine and wearing a Keffiyeh.”,X posts,2025-07-28,False
Madison Czopek,“There is no starvation in Gaza.”,Benjamin Netanyahu,2025-07-27,Pants Fire
Maria Briceño,Democrats paid Beyoncé $11 million for an endorsement.,Donald Trump,2025-07-26,False
Amy Sherman,The Jeffrey Epstein plea agreement “was a sweetheart plea deal that was made under the Obama administration.”,Markwayne Mullin,2025-07-27,False
Loreben Tuquero,"Images show “Egyptian youth who put some food, baby formula, rice, and flour in bottles and threw them into the sea, hoping it would reach Gaza.”",Social Media,2025-07-24,False
Louis Jacobson,"“Since Donald Trump's inauguration, we have seen an 11% decline in the value of the dollar, the steepest decline in more than a half a century.”",Ritchie Torres,2025-07-20,Mostly True
Gabrielle Lazor,"“America had a trade surplus in ice cream in 2020 under President Trump's leadership, but that surplus turned into a trade deficit of $40.6 million under President Biden's watch.”",U.S. Trade Representative,2025-07-20,Mostly True
Ella Moore,"Florida: #51 in mental health care, #1 in home insurance costs, #1 in elder fraud, #1 in rent hikes.",Gavin Newsom,2025-07-18,Half True
Louis Jacobson,Tariffs are “going to pay off our deficit.”,Howard Lutnick,2025-07-20,False
Louis Jacobson,"In 2016, after Donald Trump won the presidency, then-President Barack Obama was “trying to lead a coup” with Trump’s opponent, Hillary Clinton.",Donald Trump,2025-07-22,Pants Fire
Madison Czopek,“The White House just announced that Trump only has four days left” because of his chronic venous insufficiency.,TikTok posts,2025-07-19,Pants Fire
Louis Jacobson,"Under President Donald Trump’s newly signed tax law, “Those making less than $50,000 receive the largest (tax) cuts.”",Lori Chavez-DeRemer,2025-07-17,Barely True
Louis Jacobson,“California provides $83.1 billion more than we receive from the federal government. Texas? Receives $71.1 billion more than they provide to the federal government. 71% of the U.S. GDP comes from blue counties.”,Gavin Newsom,2025-07-14,Mostly True
Grace Abels,The Jeffrey Epstein files “were made up by Comey. They were made up by Obama. They were made up by Biden.”,Donald Trump,2025-07-15,Pants Fire
Maria Briceño,"El sheriff del condado Kerr, Texas dijo, “que se debe solicitar la residencia permanente para el equipo de rescate mexicano que rescató a su familia”.",TikTok posts,2025-07-12,False
Maria Briceño,"""People tracking the ICE deportation flights have found” the agency is throwing migrants into the middle of the ocean.",TikTok posts,2025-06-30,Pants Fire
Maria Briceño,"The Kerr County, Texas, sheriff “said he would apply for a green card for the Mexican rescue team that saved his family.”",X posts,2025-07-12,False
Gabrielle Lazor,There is “zero impact” from Alligator Alcatraz on the Florida Everglades.,Ron DeSantis,2025-06-27,False
Louis Jacobson,"A Congressional Budget Office estimate of people who stand to lose insurance from President Donald Trump’s tax and spending law said “about 5 million … have other insurance,” so “if they lose one (type of coverage), they're still insured.”",Kevin Hassett,2025-07-06,Barely True
Amy Sherman,"“ICE will now become the country’s largest federal law enforcement agency, bigger than the FBI, bigger than the DEA.”",Jon Favreau,2025-07-08,Mostly True
Will Doran,Former Gov. Roy Cooper is scheduled to speak at a Winston-Salem coffee shop July 18 at 11 a.m. about the “future of North Carolina.”,X posts,2025-07-08,False
Louis Jacobson,"China doesn’t “have a lot of wind farms. … Very, very few.”",Donald Trump,2025-07-08,Pants Fire
Loreben Tuquero,Almost 5 million able-bodied Medicaid recipients “simply choose not to work” and “spend six hours a day socializing and watching television.”,Scott Jennings,2025-07-01,False
Louis Jacobson,The Trump administration “has defunded not only the National Weather Service but also what’s known as NOAA.”,Social Media,2025-07-06,Barely True
Louis Jacobson,"President Donald Trump’s tax law has “tax breaks for billionaires, permanent; tax breaks for everybody else, expire.”",Hakeem Jeffries,2025-07-02,Half True
Madison Czopek,The Rainmaker Technology Corp.’s cloud seeding caused the July 4 flooding in Texas.,Social Media,2025-07-05,False
Maria Briceño,“Si dios fuera ilegal lo deportariamos palabras del gobernador de Texas”.,TikTok posts,2025-07-06,False
Maria Briceño,“Donald Trump acaba de firmar una nueva orden que pone al país en alerta máxima y sella las fronteras para todos los residentes” el 1 de julio.,TikTok posts,2025-06-20,False
Maria Briceño,"Una nueva ley permite aplicar a “la residencia permanente de forma directa, rápida y sin salir del país” si los migrantes han vivido al menos siete años en EE.UU.",TikTok posts,2025-06-24,False
Maria Briceño,President Donald Trump signed an executive order for “a total border shutdown with no set reopening date” on July 1.,TikTok posts,2025-06-28,False
Maria Briceño,"A new “community recognition” law allows people to apply for “permanent residency directly, quickly, and without leaving the country” if they have “resided continuously in the United States for at least seven years, regardless of their current immigration status.”",TikTok posts,2025-06-24,False
Loreben Tuquero,Idaho shooting suspect Wess Roley faced criminal charges and had a no-contact order from his family.,X posts,2025-06-30,False
Louis Jacobson,The One Big Beautiful Bill will deliver the promise of “no tax on Social Security.”,Donald Trump,2025-06-29,Barely True
Louis Jacobson,"“If every one of the 340 million people in America paid a new $35 copay to visit the doctor, that still wouldn’t be enough to cover how much Meta would get from just one tax break in Donald Trump's ‘Big Beautiful Bill.’""",Elizabeth Warren,2025-06-24,Half True
Ella Moore,"""Undocumented immigrants paid more taxes last year than Amazon, GM, IBM & Netflix combined.""",Occupy Democrats,2025-06-11,Mostly True
Arielle Zionts,"“A lot of times, health care comes with a job.”",John Thune,2025-05-30,Half True
Louis Jacobson,"If the “Big Beautiful Bill” passes, ""hardworking Americans and families will see an average increase in take-home pay of OVER $10,000 per year.""",Donald Trump,2025-06-24,Barely True
Gabrielle Lazor,“The tow truck drivers in Los Angeles are quickly towing ICE vehicles improperly parked!”,Social Media,2025-06-24,Pants Fire
Ella Moore,New York City mayoral candidate Zohran Mamdani is a communist.,Donald Trump,2025-06-25,False
Loreben Tuquero,“BREAKING NEWS: Dolly Parton announces her refusal to celebrate Pride Month in June.”,Facebook posts,2025-06-10,Pants Fire
Hope Karnopp,"“The state of Illinois has a lower income tax rate than we do, and a flat tax. It’s almost half of what the top bracket here in Wisconsin is.”",Josh Schoemann,2025-06-02,Mostly True
Loreben Tuquero,The Republican tax and spending bill will provide a “tax cut for Social Security recipients.”,American Action Network,2025-06-04,Half True
Gabrielle Lazor,Video shows protesters “outraged” over U.S. attacks in Iran.,X posts,2025-06-22,False
Grace Abels,Video shows a woman wearing a rainbow hijab and a bomb vest who filmed her visit to Iran.,Social Media,2025-06-22,Pants Fire
Gabrielle Lazor,"Photo shows Israeli pilot Sarah Ahronot, who was captured by Iran.",X posts,2025-06-13,False
Maria Briceño,Video shows “massive fire after Iranian missile made impact in Tel Aviv” in June 2025.,X posts,2025-06-22,False
Jill Terreri Ramos,"Four million more people live in Florida, but New York gets $20 billion more for Medicaid, because it covers illegal immigrants and adults without chronic illness.",Rick Scott,2025-06-08,Barely True
Madison Czopek,“Governor Tim Walz has DELETED every post he made praising Minnesota (assassin) Vance Boelter.”,Social Media,2025-06-16,False
Loreben Tuquero,Image shows accused shooter Vance Boelter wearing a “Resist” shirt.,X posts,2025-06-16,Pants Fire
Gabrielle Lazor,"Image shows an antifa debit card that can “automatically be funded after looting, rioting and gang stalking.”",X posts,2025-06-09,False
Gabrielle Lazor,Video shows the New York Mets “showed a Pride flag instead of the American flag” during the national anthem.,X posts,2025-06-14,False
Madison Czopek,The suspect in the Minnesota lawmakers’ shootings was driven by “Marxist” ideology.,Mike Lee,2025-06-15,Pants Fire
Louis Jacobson,"California has lower homicide rates than Alabama, Arkansas and Oklahoma.",Gavin Newsom,2025-06-10,Mostly True
Gabrielle Lazor,Video shows Marine Corps attack helicopter over Los Angeles in response to immigration raid protests.,X posts,2025-06-09,False
Ella Moore,Photos show Travis Kelce and Taylor Swift participated in a “No Kings” rally.,Facebook posts,2025-06-15,Pants Fire
Ella Moore,"Says Karoline Leavitt said, “America cannot function if President Trump has to deal with co-equal branches of government having the ability to check his power.”",X posts,2025-06-12,False
Gabrielle Lazor,"Companies called “T-Mellon Events” and “Fight Fite Fight LLC” are offering to pay “seat fillers” in Washington, D.C, on June 14.",Social Media,2025-06-10,False
Ella Moore,Immigration and Customs Enforcement agents raided Los Angeles' Gratts Learning Academy during a June graduation ceremony.,Instagram posts,2025-06-06,False
Ella Moore,"Video shows woman exiting her car during the 2025 Los Angeles protests, shouting, “I have babies in the car!”",X posts,2025-06-09,False
Maria Briceño,Craigslist ad was “recruiting people for LA ‘protests.’”,TikTok posts,2025-06-09,False
Ella Moore,Video shows Los Angeles protesters chanting “We are Los Angeles” in June 2025.,TikTok posts,2025-06-09,False
Louis Jacobson,"If the “Big, Beautiful” tax and spending bill doesn’t pass, “there will be a 68% tax increase.”",Donald Trump,2025-06-05,False
Loreben Tuquero,California Gov. Gavin Newsom shared images taken in 2021 and said they showed National Guard troops sleeping on the floor in June 2025.,Social Media,2025-06-09,Pants Fire
Loreben Tuquero,Video shows “Marines have arrived in Los Angeles” June 8 to respond to immigration protests.,X posts,2025-06-08,False
Maria Briceño,“BREAKING: Rep. Maxine Waters calls for the United States to grant citizenship to every undocumented protester in Los Angeles” 2025 protests.,Facebook posts,2025-06-08,False
Loreben Tuquero,Video shows a police car burning during June 2025 Los Angeles protests.,X posts,2025-06-08,False
Gabrielle Lazor,Target “opts out of Pride month and replaced its Pride collection with an America First Summer display.”,X posts,2025-06-02,False
Louis Jacobson,“President Trump has granted pardons that have wiped out over $1 billion in debts owed by wealthy Americans who have committed fraud and broken the law.”,Liz Oyer,2025-04-30,Mostly True
Louis Jacobson,“One out of every $5 or $6 in Medicaid (payments) is improper.”,Russell Vought,2025-06-01,Barely True
Jill Terreri Ramos,The state budget contains the largest middle class tax cut in 70 years.,Kathy Hochul,2025-05-05,False
Maria Briceño,Image shows Ben & Jerry’s is selling “Free Palestine” and “From the River to Sea” ice cream flavors.,Viral image,2025-05-26,False
Paul Specht,“Contractors are being rejected” from providing Hurricane Helene relief in North Carolina because of racial “quotas” required by the state.,Brenden Jones,2025-04-02,False
Loreben Tuquero,“We are not cutting” the Supplemental Nutrition Assistance Program.,Mike Johnson,2025-05-25,False
Maria Ramirez Uribe,Harvard University “refuse(s) to tell us” who its international students are.,Donald Trump,2025-05-25,False
Maria Briceño,El gobernador de Florida Ron DeSantis firmó ley que prohíbe a inmigrantes ilegalmente en el país echar gasolina.,TikTok posts,2025-05-24,False
Amy Sherman,The Republican tax and spending bill will let President Donald Trump “delay or cancel elections — legally.”,Social Media,2025-05-25,False
Louis Jacobson,“U.S. retail gasoline prices heading into Memorial Day weekend: 20 year low.”,U.S. Energy Department,2025-05-25,Half True
Loreben Tuquero,"Rep. LaMonica McIver, D-N.J., started singing during a May 20 CNN interview.",X posts,2025-05-21,False
Maria Briceño,"The slaying of two Israeli embassy employees in Washington, D.C., is a false flag.",X posts,2025-05-22,Pants Fire
Louis Jacobson,"In the House bill, “we’re not changing Medicaid,” only cutting “waste, fraud and abuse.”",Donald Trump,2025-05-20,False
Loreben Tuquero,The Sean “Diddy” Combs trial testimony revealed that former President Barack Obama was “caught in secret meetings with Diddy’s drug runner.”,X posts,2025-05-20,False
Grace Abels,"Video shows the Qatari emir saying, “I truly regret inviting Trump, the robber, to the Middle East.”",Social Media,2025-05-21,Pants Fire
Amy Sherman,Que California ofrezca acceso asequible a cuidado de salud para los inmigrantes ilegalmente en EE.UU.,Gavin Newsom,2025-05-14,Half Flip
Maria Briceño,La presidenta de México Claudia Sheinbaum dijo que el choque del buque Cuauhtémoc contra el puente de Brooklyn en Nueva York no fue un accidente y puede ser un acto hostil.,TikTok posts,2025-05-19,False
Louis Jacobson,President Donald Trump’s tax and spending bill “does not add to the deficit.”,Karoline Leavitt,2025-05-19,False
Loreben Tuquero,"While serving in Congress, Transportation Secretary Sean Duffy “voted against upgrading air traffic control systems.”",Robert Reich,2025-05-13,Barely True
Grace Abels,Former President Joe Biden’s cancer is a form of “turbo cancer” caused by mRNA vaccines.,X posts,2025-05-20,False
Louis Jacobson,"“Gasoline prices have collapsed under President Trump.""",Scott Bessent,2025-05-18,Barely True
Madison Czopek,"It’s “all true” that the measles vaccine wanes quickly, was never fully safety tested and contains fetal debris.",Robert F. Kennedy Jr.,2025-05-14,False
Louis Jacobson,"“Republicans just unveiled their ‘big, beautiful bill,’ which will take Medicaid & health insurance away from 13.7 million Americans.”",Bernie Sanders,2025-05-12,Half True
Amy Sherman,On California offering affordable health care access for immigrants in the U.S. illegally.,Gavin Newsom,2025-05-14,Half Flip
Louis Jacobson,"Declining cargo traffic at U.S. ports “means we lose less money. … When you say it's slowed down, that's a good thing.”",Donald Trump,2025-05-08,False
Maria Briceño,"Un vídeo muestra al presidente francés, Emmanuel Macron, al primer ministro del Reino Unido, Keir Starmer, y al canciller alemán, Friedrich Merz, con una bolsa de cocaína tras visitar al presidente ucraniano, Volodymyr Zelenskyy.",Alex Jones,2025-05-11,Pants Fire
Paul Specht,“Google caved in to Trump. They erased Black History Month from the calendar.”,Marcia Morey,2025-04-30,Barely True
Maria Ramirez Uribe,"The Immigration and Nationality Act “stripped Article III courts, that's the judicial branch, of jurisdiction over immigration cases.”",Stephen Miller,2025-05-09,False
Louis Jacobson,"Under a new executive order, prescription drug prices will be reduced “almost immediately.”",Donald Trump,2025-05-11,Barely True
Amy Sherman,"The Digital Equity Act is a handout ""based on race,” and “illegal.”",Donald Trump,2025-05-08,False
Maria Briceño,"A video shows French President Emmanuel Macron, United Kingdom Prime Minister Keir Starmer and German Chancellor Freidrich Merz with a bag of cocaine after visiting Ukrainian President Volodymyr Zelenskyy.",Alex Jones,2025-05-11,Pants Fire
Maria Ramirez Uribe,"“In 1996, Congress specifically authorized the executive branch to conduct non-judicial deportations NOT SUBJECT TO DUE PROCESS.”",Social Media,2025-04-30,False
Louis Jacobson,“About 20% of households with veterans rely upon” the Supplemental Nutrition Assistance Program.,Hakeem Jeffries,2025-05-08,Barely True
Maria Ramirez Uribe,"En los primeros 100 días del presidente Donald Trump, las incautaciones de fentanilo salvaron entre ""119 millones"" y ""258 millones"" de vidas.",Pam Bondi,2025-04-29,Pants Fire
Loreben Tuquero,“China makes 80% of all toys” and “90% of all Christmas goods” sold in the U.S.,Charles Blow,2025-05-05,True
Madison Czopek,"Headline said, “Pope Leo XIV was a founding member of the 2020 anarchist Portland Autonomous Zone known as CHAZ.”",X posts,2025-05-08,False
Grace Abels,"Robert Prevost, the Roman Catholic cardinal who was chosen to be the new pope, is a “registered Republican.”",X posts,2025-05-08,Barely True
Madison Czopek,“We have now close to $10 trillion” in investments. “We’re talking about essentially two months.”,Donald Trump,2025-05-08,False
Maria Ramirez Uribe,"“If people come into our country illegally, there’s a different standard” for due process.",Donald Trump,2025-04-29,False
Amy Sherman,Canadian tourism to Florida has declined by 80%.,Jared Moskowitz,2025-05-01,Barely True
Louis Jacobson,"""Republicans just voted in the House Judiciary Committee to allow Trump to DEPORT U.S. citizens to a foreign country.""",Eric Swalwell,2025-04-30,Barely True
Madison Czopek,"Video shows Canadian Prime Minister Mark Carney saying effective June 1, “all vehicles manufactured before 2000 will be gradually phased off Canadian roads due to safety and emissions standards.”",TikTok posts,2025-05-03,False
Amy Sherman,"The federal government’s Women, Peace and Security program is a “Biden initiative.”",Pete Hegseth,2025-04-29,False
Grace Abels,California Democrats “block bill to make sex trafficking minors a felony.”,X posts,2025-04-29,Barely True
Madison Czopek,DARPA is spraying the skies with chemicals that are in jet fuel.,Robert F. Kennedy Jr.,2025-04-29,Pants Fire
Louis Jacobson,"“It's estimated” that President Donald Trump’s tariffs will mean “American families would have to pay about $4,000 more a year.”",Charles Schumer,2025-04-27,Mostly True
Madison Czopek,A video clip shows Michelle Obama describing herself as “a Black man.”,X posts,2025-04-30,Pants Fire
Maria Ramirez Uribe,"In President Donald Trump’s first 100 days, fentanyl seizures saved “119 million” to “258 million” lives.",Pam Bondi,2025-04-29,Pants Fire
Louis Jacobson,Kilmar Armando Abrego Garcia “had ‘MS-13’ on his knuckles tattooed. … He had ‘MS’ as clear as you can be. Not 'interpreted.’”,Donald Trump,2025-04-29,Pants Fire
Paul Specht,Trump “just denied North Carolina’s request for FEMA relief from Hurricane Helene.”,Brian Tyler Cohen,2025-04-12,Half True
Louis Jacobson,“We had a couple of states where gasoline was at $1.98 a gallon.”,Donald Trump,2025-04-22,False
Loreben Tuquero,“Gun violence is the leading killer of college-aged people in the U.S.”,Moms Demand Action for Gun Sense In America,2025-04-17,True
Jill Terreri Ramos,"“If we don’t pass the tax bill by the end of the year, we will have the largest tax increase in American history.”",Michael Lawler,2025-03-21,Mostly True
Claire Cranford,“The Simpsons” predicted Pope Francis’ 2025 death.,TikTok posts,2025-04-21,Pants Fire
Madison Czopek,"Arizona Democrats “needed a lawsuit to force them to remove 50,000 noncitizens from voter rolls.”",X posts,2025-04-13,False
Loreben Tuquero,Former U.S. Rep. Liz Cheney wrote a viral letter to Democrats suggesting steps to take against the Trump administration.,Facebook posts,2025-04-16,False
Grace Abels,"Under the SAVE Act, “as long as you have a Real ID … it should be easy for you to register to vote.”",Byron Donalds,2025-04-10,Barely True
Claire Cranford,"“Less than half of Americans have $1,000 in savings.”",Tim Walz,2025-04-06,Barely True
Madison Czopek,"Cody Balmer, the person charged with setting fire to Pennsylvania governor’s residence, posted a photo that said “F--- Trump.”",X posts,2025-04-13,False
Maria Briceño,"U.S. Rep. Jasmine Crockett says “she ‘simply forgot' to inform Social Security that her grandmother died in 2012 … She’s been collecting $2,600 a month for 13 years.”",TikTok posts,2025-04-05,Pants Fire
Grace Abels,"Photos and videos show Washington, D.C., protests against White House adviser Elon Musk are “staged & paid — bussed in, scripted, clocked out.”",X posts,2025-04-06,False
Louis Jacobson,"In 2024, “China made $1 trillion off trade with the United States.”",Donald Trump,2025-04-09,False
Maria Briceño,"“China cancela la venta de TikTok” y “a partir de finales de abril los usuarios estadounidenses tendrán que pagar una tarifa mensual obligatoria para seguir usando TikTok"".",TikTok posts,2025-04-09,False
Maria Ramirez Uribe,"The 2020 election was “rigged” and Chris Krebs, former Cybersecurity and Infrastructure Security Agency director, “baselessly” dismissed “election malfeasance.”",Donald Trump,2025-04-09,Pants Fire
Amy Sherman,The U.S. is “taking in almost $2 billion a day in tariffs.”,Donald Trump,2025-04-08,False
Maria Ramirez Uribe,“We had an agriculture export deficit that increased from zero when President Trump left to $49 billion” under former President Joe Biden.,Brooke Rollins,2025-04-06,Barely True
Amy Sherman,On enacting country-by-country tariffs April 9.,Donald Trump,2025-04-09,Full Flop
Claire Cranford,Men “have the lowest college attainment rate ever.”,Ruben Gallego,2025-03-24,Mostly True
Madison Czopek,"Says Kevin Hassett, National Economic Council director, said on April 7, “Trump is considering a 90-day pause in tariffs for all countries except China.”",X posts,2025-04-07,False
Ciara O'Rourke,Video shows South African news outlet reporting Ukraine President Volodymyr Zelenskyy “purchased a controlling stake” in a mine.,Viral image,2025-04-04,False
Ciara O'Rourke,"Says Cleveland Clinic said, “Millions of COVID-vaxxed will die within ‘5 years.’”",Facebook posts,2025-03-28,False
Ciara O'Rourke,“White hats to investigate Wisconsin Supreme Court election.”,Viral image,2025-04-02,False
Ciara O'Rourke,"Photo shows “Pope Francis, shaking the hand of the priest of the Church of Satan.”",Facebook posts,2025-03-30,False
Ciara O'Rourke,"Says Elon Musk wrote on X, “The DOGE team has discovered tens of millions of dollars spent on golf by a single government official.”",Viral image,2025-03-31,False
Ciara O'Rourke,"“Caitlin Clark stuns the globe, rejects Elon Musk’s $15 million offer.”",Facebook posts,2025-03-29,False
Loreben Tuquero,Video of gray skies in northern Michigan is proof of weather modification.,Facebook posts,2025-04-01,False
Maria Briceño,“Trump ordena ataques militares en los túneles del Vaticano - Laboratorios de (adrenocromo) dirigidos por la CIA cerrados por las fuerzas especiales de EE.UU”.,Facebook posts,2025-03-28,Pants Fire
Ciara O'Rourke,Says U.S. Rep. Alexandria Ocasio-Cortez’s family “must have just overlooked” “cashing her dead grandmother’s Social Security checks for a decade and a half.”,Viral image,2025-04-03,Pants Fire
Madison Czopek,Conservative activist Laura Loomer’s reporting proves “Alex Wong is the individual who added (journalist) Jeffrey Goldberg” to the Trump administration Signal group text about bombing Yemen.,Facebook posts,2025-03-27,False
Ciara O'Rourke,Video shows “how Denmark reacted when Trump said he wanted to buy Greenland.”,Viral image,2025-03-29,False
Ciara O'Rourke,"“Daughter of boxing legend, Muhammed Ali, Laila Ali, has lost her life while giving birth in a Canadian hospital.”",Facebook posts,2025-03-27,False
Ciara O'Rourke,"Says President Donald Trump wrote on Truth Social, “I am ending dual citizenship under the Espionage Act and all these traitors will be ‘denaturalized and deported.’”",Viral image,2025-04-01,False
Ciara O'Rourke,Photo shows a missing police officer in “extreme danger.”,Facebook posts,2025-03-28,Pants Fire
Louis Jacobson,“Egg prices came down 50%”,Donald Trump,2025-04-02,Half True
Louis Jacobson,"""The consumer confidence in this country has gone way down.""",Cory Booker,2025-04-01,True
Ciara O'Rourke,Images show damage from an “earthquake in Thailand.”,Facebook posts,2025-03-28,False
Maria Briceño,El presidente Donald Trump aprobó una nueva ley “que exige la implantación obligatoria de un chip en todos los extranjeros”.,TikTok posts,2025-03-04,Pants Fire
Amy Sherman,“Seven counties in Wisconsin (ran) out of ballots” and it was “intentional” to diminish Republican voter turnout.,X posts,2025-04-01,Barely True
Ciara O'Rourke,"“Elon Musk called for a boycott of ‘The View,’ labeling it ‘a meeting place for ignorant women.’”",Facebook posts,2025-03-26,False
Ciara O'Rourke,“Man gets plastic surgery and name change to date his ex-girlfriend after she obtains a restraining order.”,Viral image,2025-03-18,Pants Fire
Louis Jacobson,Kilmar Armando Abrego Garcia “was a convicted MS-13 gang member.”,JD Vance,2025-04-01,False
Grace Abels,President Donald Trump “just suggested replacing pride month with veterans month in honor of those who served.”,Facebook posts,2025-03-26,False
Ciara O'Rourke,Says U.S. Rep. Majorie Taylor Green wrote on X that she is “a product of incest.”,Viral image,2025-03-26,Pants Fire
Grace Abels,Screenshots show Speaker Mike Johnson messaging on Grindr.,TikTok posts,2025-03-23,False
Madison Czopek,Video shows “France and Denmark are sending troops to Greenland to prepare for (an) attack from Donald Trump.”,Facebook posts,2025-03-30,False
Grace Abels,"On PBS, ""they now have drag queen storytime instead of good old ‘Sesame Street.’""",Marjorie Taylor Greene,2025-03-25,False
Loreben Tuquero,Elon Musk funded a Neuralink implant procedure for a 7-year-old girl “who was diagnosed with a rare neurological disorder.”,Facebook posts,2025-03-27,False
Maria Briceño,"If you update your iPhone to iOS 18.3, you are going to have Starlink automatically installed in your phone.",TikTok posts,2025-03-05,False
Madison Czopek,“Hillary Clinton was sending classified documents that were stamped TS or TSSCI.”,Markwayne Mullin,2025-03-25,False
Loreben Tuquero,Image shows a “person dressed up as Pikachu to resist police violence” in Turkey.,Social Media,2025-03-27,False
Paul Specht,"North Carolina “always had nonpartisan judicial races, and when the Republicans took over several years ago they changed it.”",Sydney Batch,2025-02-28,Barely True
Jeff Cercone,Videos show tornadoes hitting Seattle on March 26 and 27.,TikTok posts,2025-03-26,Pants Fire
Louis Jacobson,“We have automobile plants being built at levels we've never seen … and they're going up fast.”,Donald Trump,2025-03-26,Barely True
Loreben Tuquero,Phoenix’s increased wildfire risk is linked to Bill Gates’ “smart city” plans.,Facebook posts,2025-03-04,False
Maria Briceño,“Canada makes bold decision to shut down Tesla and the US auto industry.”,Facebook posts,2025-03-22,False
Jeff Cercone,"“Elon Musk exposes hidden $20K roof grant. Congress approved it.""",Facebook posts,2025-03-21,Pants Fire
D.L. Davis,"""Brad Schimel said that he wanted to be part of Donald Trump's support network.""",Susan Crawford,2025-03-12,Mostly True
Loreben Tuquero,Video shows the Bitcoin whitepaper “was spotted at the White House.”,Facebook posts,2025-03-22,Pants Fire
Maria Briceño,“El nuevo presidente ha aprobado el Programa Nacional de Alivio de Deuda 2025 para todos los hispanoamericanos”.,Facebook posts,2025-03-19,False
Maria Briceño,Imagen muestra a “uno de los manifestantes que participó en el vandalismo contra un concesionario de Tesla. La deportación a El Salvador fue consecuencia de sus acciones”.,Facebook posts,2025-03-23,False
Claire Cranford,People can get student debt “erased” by filing Family Educational Rights and Privacy Act complaints because the Department of Government Efficiency accessed federal student loan databases.,TikTok posts,2025-02-08,False
Claire Cranford,Elon Musk said “Tesla is finished” and needs “drastic changes immediately.”,Facebook posts,2025-03-21,False
Grace Abels,"""Nobody was texting war plans"" in the Trump administration Signal group text about bombing Yemen.",Pete Hegseth,2025-03-24,False
Maria Briceño,“El presidente Donald Trump anunció una nueva ley que prohíbe a los inmigrantes hablar español en público en los Estados Unidos”.,TikTok posts,2025-03-05,False
Maria Briceño,“La medida audaz de Canadá: Tesla y la industria automotriz estadounidense cierran”.,Facebook posts,2025-03-17,False
Madison Czopek,Defense Secretary Pete Hegseth “removed Colin Powell’s name from a list of notable Americans buried at Arlington National Cemetery.”,X posts,2025-03-20,False
Julie Appleby,"“On Feb. 25, I voted yes on a budget resolution that protects Social Security, Medicare, and Medicaid while cutting some spending elsewhere.""",Nick LaLota,2025-03-04,False
Grace Abels,Video shows “leaked audio” of Vice President JD Vance criticizing Elon Musk and saying “he's making us look bad.”,X posts,2025-03-23,False
Maria Briceño,El presidente Donald Trump “firma orden ejecutiva para obligar a los bancos a que les quiten un 10% de dinero” de sus ahorros a los inmigrantes.,Facebook posts,2025-03-19,False
Jeff Cercone,"Netflix show “Adolescence” is based on Southport, England, knife attacker but the show “race swapped the actual killer from a black man/migrant to a white boy.”",Ian Miles Cheong,2025-03-19,False
Maria Briceño,“Nueva ley en EE.UU. impone cadena perpetua a inmigrantes que residen ilegalmente en el país”.,Facebook posts,2025-03-08,False
Louis Jacobson,The federal Education Department has a “budget of about $280 billion a year. Less than 25% goes to educating our students.”,Harriet Hageman,2025-03-16,False
Madison Czopek,Files reveal that John F. Kennedy Jr. wrote a 1994 letter calling then-Sen. Joe Biden “a traitor” before Kennedy’s 1999 death.,Facebook posts,2025-03-18,False
Amy Sherman,Says Ukraine President Volodymyr Zelenskyy “engaged in election interference by campaigning” in Pennsylvania for former Democratic presidential nominee Kamala Harris.,Facebook posts,2025-03-01,False
Louis Jacobson,“Social Security is the biggest Ponzi scheme of all time.”,Elon Musk,2025-02-28,False
Madison Czopek,"President Donald Trump wrote on Truth Social that, “After I’ve annexed Greenland and making it the 52nd State, I will annexe Alaska.”",Threads posts,2025-03-15,False
Jeff Cercone,"“A lot of studies” show that getting measles ""boosts your immune system later in life against cancers, atopic diseases, cardiac disease.""",Robert F. Kennedy Jr.,2025-03-04,False
Grace Abels,"A $600,000 federal grant went to study “menstrual cycles in transgender men.”",Brooke Rollins,2025-03-07,False
Suz Redfearn,“Breaking news: The Trump administration just announced that Medicare will stop covering telehealth starting April 1. … We need to stand up to these Medicare cuts.”,Ro Khanna,2025-02-20,Half True
Louis Jacobson,"Former President Joe Biden’s pardons of lawmakers on the committee investigating the Jan. 6, 2021,  U.S. Capitol attack “are hereby declared void, vacant, and of no further force or effect,” because “they were done by autopen.”",Donald Trump,2025-03-17,False
Loreben Tuquero,"DOGE found former first lady Michelle Obama “has been receiving a monthly $122,000 payment from the (General Services Administration) since 2009.”",Facebook posts,2025-03-13,False
Grace Abels,Elon Musk “launches a public campaign to terminate ‘The View.’”,Facebook posts,2025-03-06,False
Sara Swann,Deceased InfoWars reporter Jamie White was on a “Ukrainian enemies hit list.”,Alex Jones,2025-03-11,False
Madison Czopek,The Department of Government Efficiency “found a $6 million grant awarded to Whoopi Goldberg to ‘promote diversity on The View.’”,Facebook posts,2025-03-07,False
Sara Swann,Girl Scout cookies are “toxic” because a study showed they contain glyphosate and heavy metals.,Social Media,2025-02-25,Barely True
Loreben Tuquero,Video shows “Stacey Abrams admits the $2 billion Joe Biden’s EPA gave her was used to buy votes of people in Georgia by purchasing them new appliances.”,Facebook posts,2025-03-09,False
Louis Jacobson,“Tariffs are a tax cut for the American people.”,Karoline Leavitt,2025-03-11,False
Madeline Heim,“Eliminate school choice” is on Susan Crawford’s agenda.,Brad Schimel,2025-02-06,False
Louis Jacobson,"“Under the previous administration … the cost of a median-price home in America more than doubled, and that was just in four years.”",JD Vance,2025-03-10,Mostly True
Louis Jacobson,“The number of full-time jobs (was) dropping almost the entire Biden administration.”,Rick Scott,2025-03-09,False
Louis Jacobson,"During President Joe Biden’s four years in office, “31% of U.S. job growth” came from public-sector jobs.",X posts,2025-03-07,False
Maria Briceño,El 3 de marzo del 2025 falleció el presidente Donald Trump en un accidente de helicóptero.,Facebook posts,2025-03-03,Pants Fire
Amy Sherman,"""All armed services are having among the best recruiting results ever” because of Trump policies, and “it was just a few months ago where the results were exactly the opposite.”",Donald Trump,2025-03-04,Barely True
Hope Karnopp,“71 out of 72 Wisconsin counties filed lawsuits against Purdue Pharma. Brad Schimel refused to join them.”,A Better Wisconsin Together,2025-02-24,Half True
Jeff Cercone,Photo shows first lady Melania Trump crying.,Facebook posts,2025-03-10,Pants Fire
Jeff Cercone,Video shows President Donald Trump admitting he became president because of a “rigged” 2024 election.,Social Media,2025-03-09,False
Loreben Tuquero,Audio shows a BBC reporter making a vulgar comment about an Oval Office meeting between President Donald Trump and Ukraine President Volodymyr Zelenskyy.,Social Media,2025-03-05,Pants Fire
Maria Briceño,"""Nueva orden ejecutiva desde la Casa Blanca tiene identificado a más de 47,000 cubanos con residencia legal los cuales serán puestos en proceso de deportación por haber viajado a Cuba después de su aprobación de asilo político"".",Facebook posts,2025-02-20,False
Loreben Tuquero,"Myrtle Beach, South Carolina, area fires were intentional to build a “smart city.”",Social Media,2025-03-03,False
Maria Briceño,"A partir del 28 de febrero “para comprar en supermercados pedirán tu identificación, pero no es por seguridad, es para cazar inmigrantes ilegales”.",TikTok posts,2025-03-25,False
Jeff Cercone,"""Apple quietly removed International Women’s Day from their calendar app.”",Social Media,2025-03-05,False
Sofia Ahmed,U.S. Agency for International Development subsidized CNN and MSNBC hosts’ salaries.,Laura Loomer,2025-02-24,False
Claire Cranford,U.S. Rep. Nancy Pelosi’s vineyard received $14 million in U.S. Agency for International Development funds for “experimental farming.”,Social Media,2025-02-25,False
Louis Jacobson,Elon Musk’s Department of Government Efficiency is “polling very well. It’s very popular.”,Larry Kudlow,2025-03-04,Barely True
Loreben Tuquero,“DOGE stopped an annual payment to Barack Obama for $2.6 million for ‘royalties associated with Obamacare.’”,Social Media,2025-02-26,Pants Fire
Madison Czopek,The Trump administration identified $1.9 billion in federal dollars going to a “decarbonization of homes” group Stacey Abrams “headed up.”,Donald Trump,2025-03-04,False
Loreben Tuquero,"President Donald Trump posted on X that “If the Dow drops 1,000 points in two days the President should be impeached immediately.”",X posts,2025-03-04,Pants Fire
Claire Cranford,Elon Musk posted on X that billionaires are “tired of subsidizing” public services.,Social Media,2025-02-15,False
D.L. Davis,"“After the referendum, Milwaukee Public Schools has a larger tax levy than the City of Milwaukee.”",Cavalier Johnson,2025-01-19,True
Loreben Tuquero,"“DOGE discovers Louisiana man with 34 different names, addresses, and Social Security numbers. He was collecting $1,168,646 in (Social Security) per year.”",Facebook posts,2025-02-22,False
Jeff Cercone,“The Texas measles outbreak is pure propaganda” because media outlets used stock images.,Threads posts,2025-02-25,Pants Fire
Sara Swann,"Maine Gov. Janet Mills said, “If (President) Donald Trump stops federal funding to Maine, we the people of Maine will take out federal taxes from all paychecks and no taxes will be paid to the federal government.”",Social Media,2025-02-24,False
Loreben Tuquero,"A measles outbreak in Gaines County, Texas, was caused by “a public health initiative” to “distribute free measles vaccines.”",Facebook posts,2025-02-19,False
Hope Karnopp,“90% of the (school) districts in Wisconsin already have a policy” banning cellphones during class time.,Joel Kitchens,2025-02-19,True
Jeff Cercone,"Zero votes for 2024 Democratic presidential nominee Kamala Harris in Rockland County, New York, precinct proves Elon Musk hacked 2024 presidential election.",Social Media,2025-02-24,False
Madison Czopek,"Former President Joe Biden “fired” 14,000 Keystone XL pipeline workers “​​on day one” of his administration.",Facebook posts,2025-02-18,Barely True
Louis Jacobson,“We've never audited government for 100 years.”,Kevin O'Leary,2025-02-24,Pants Fire
Ciara O'Rourke,"U.S. Secretary of Health and Human Services Robert F. Kennedy Jr. wrote on X, “In my first 6 months as HHS secretary … I’ll ban chemtrails.”",Viral image,2025-02-20,False
Ciara O'Rourke,“Breaking News: Rep. Ilhan Omar has been removed from the House Foreign Affairs Committee.”,Instagram posts,2025-02-19,False
Maria Briceño,“La presidenta de México Claudia Sheinbaum PROHIBE la entrada al nuevo IPHONE de la empresa tecnológica.”,Facebook posts,2025-02-25,False
Sofia Ahmed,Photos show Elon Musk in a fight during a science conference.,Facebook posts,2025-02-21,False
Caleb McCullough,“Stacey Abrams stole $2 BILLION from taxpayers.”,Facebook posts,2025-02-19,False
Caleb McCullough,"“I am not making this up: Republicans have introduced legislation … to increase your bank fees.""",Pete Buttigieg,2025-02-18,Barely True
Sara Swann,"It’s “official” that President Donald Trump is signing an “order from Elon Musk giving taxpayers who have filed their 2024 tax returns a stimulus check for $5,000.”",Facebook posts,2025-02-23,False
Louis Jacobson,“The single biggest driver of our national debt since 2001 has been Republican tax cuts.”,Patty Murray,2025-02-20,Half True
Maria Briceño,“Noticia de Ultima Hora! Su Santidad el Papa Francisco ha fallecido” el 24 de febrero del 2025.,Facebook posts,2025-02-17,False
Ciara O'Rourke,“Malia Obama received $2.2 million in funds from USAID.”,Instagram posts,2025-02-20,False
Ciara O'Rourke,"Pope Francis died as of Feb. 23, 2025.",Facebook posts,2025-02-23,False
Claire Cranford,Ukraine President Volodymyr Zelenskyy “blocked Truth Social in Ukraine.”,Social Media,2025-02-20,False
Madeline Heim,The Chicago Cubs owner is bankrolling Brad Schimel.,Social Media,2025-02-18,Mostly True
Sofia Ahmed,Elon Musk posted on X he is planning to suspend Ukraine President Volodymyr Zelenskyy’s X account.,Threads posts,2025-02-19,False
Jeff Cercone,"""The Philadelphia Eagles have declined their invitation to the White House,” as of Feb. 24.",Social Media,2025-02-23,False
Jeff Cercone,Elon Musk “contracted a helicopter and the first DOGE payments are being” dispersed in California.,Facebook posts,2025-02-23,Pants Fire
Sofia Ahmed,“Delta plane that crashed in Toronto operated by Endeavor Air with all-female flight crew.”,Instagram posts,2025-02-19,False
Ciara O'Rourke,"Says Luigi Mangione posted on X, “He who saves his country does not violate any law.”",Viral image,2025-02-16,False
Ciara O'Rourke,“The media is showing how Obama’s birth certificate was changed! He was never born in the U.S. so he was never a real president!”,Facebook posts,2025-02-19,Pants Fire
Maria Ramirez Uribe,President Joe Biden’s immigration policy was “a giant voter importation scam.”,Elon Musk,2025-02-20,Pants Fire
Maria Briceño,El congresista Adriano Espaillat muestra “La nueva bandera que están promoviendo para República Dominicana que se va a llamar 'DominicoHaiti'”.,Facebook posts,2025-02-17,False
Sara Swann,“US Debt Clock” numbers prove “DOGE has saved taxpayers $64 billion dollars in just 17 days.”,Social Media,2025-02-07,False
Jeff Cercone,"Video shows White House Press Secretary Karoline Leavitt saying Americans can get $4,800 subsidy because Department of Government Efficiency cuts found “extra money.”",Facebook posts,2025-02-20,False
Ciara O'Rourke,"Says Barron Trump posted on X, “We’re on the brink of uncovering a dark legacy in this country that’s been hidden for far too long.”",Instagram posts,2025-02-16,False
Ciara O'Rourke,"Says Elon Musk said on X, “Spoiled crybabies across the country are protesting against America’s golden age. Brats like them should go to prison.”",Viral image,2025-02-17,False
Ciara O'Rourke,“The very LIBERAL 9th Circuit Court has ruled that 84 of Biden's last-minute pardons are unconstitutional.”,Facebook posts,2025-02-15,False
Ciara O'Rourke,Video shows Barron Trump singing on “America’s Got Talent.”,Facebook posts,2025-02-12,False
Grace Abels,“You either have XX or XY chromosomes. Those are the options.”,Nancy Mace,2025-02-20,False
Sofia Ahmed,"A photo shows Jonathan Simpson, the pilot of “Delta’s crash in Toronto, Canada.”",Threads posts,2025-02-18,Pants Fire
Kwasi Gyamfi Asiedu,“Elon Musk just ordered all federal workers to be tested for drugs and those that fail have 30 days to retest clean or be fired.”,Threads posts,2025-02-16,False
Claire Cranford,Volodymyr Zelenskyy “started” the war in Ukraine with Russia.,Donald Trump,2025-02-18,Pants Fire
Jeff Cercone,“Barack and Michelle Obama locked in bombshell divorce of the century.”,Facebook posts,2025-02-17,False
Sofia Ahmed,“An ICE minivan was reportedly set on fire in Philadelphia.”,Social Media,2025-02-18,False
Sara Swann,"Mexican President Claudia Sheinbaum said, “I told President (Donald) Trump the best way to make rapists and criminals feel unwelcome in the U.S. is for their citizens to stop electing them.”",Facebook posts,2025-02-15,False
Claire Cranford,Michael Jordan said that “any athlete who kneels for our national anthem should lose their medal.”,Facebook posts,2025-02-12,False
Sofia Ahmed,Video shows X owner Elon Musk promoted a “bedtime trick” to cure diabetes.,Facebook posts,2025-02-17,False
Hope Karnopp,Wisconsin does not “require judges to automatically recuse just because they have done some kind of legal work in the past as a lawyer.”,Susan Crawford,2025-02-09,True
Kwasi Gyamfi Asiedu,“The NFL admits to canceling Elon's DOGE Super Bowl ads.”,Threads posts,2025-02-15,False
Sofia Ahmed,“DOGE subcommittee discovered $2.7 trillion in improper” Medicaid and Medicare payments to people overseas.,Social Media,2025-02-14,False
Sara Swann,"Rep. Nancy Pelosi has a $223,000 salary and a $202 million net worth. Sen. Mitch McConnell has a $200,000 salary and a $95 million net worth. Sen. Chuck Schumer has a $210,000 salary and a $75 million net worth. Sen. Elizabeth Warren has a $285,000 salary and a $67 million net worth.",X posts,2025-02-11,Barely True
Caleb McCullough,"The federal workforce grew from 2.1 to 3 million under President Joe Biden, “a 46% increase since Biden took office.”",X posts,2025-02-16,False
Grace Abels,“Elon Musk announced that he will not sell Tesla Cybertruck to anyone belonging to the ‘pride’ community.”,Facebook posts,2025-02-12,False
Loreben Tuquero,"“Mel Gibson passes on $100 million Netflix deal to work with Robert De Niro, declares: ‘Keep that woke clown away from me.’”",Facebook posts,2025-02-12,False
Caleb McCullough,"Under the SAVE Act, “if you are a woman that has changed your name from your birth certificate, let’s say through marriage … you are no longer eligible to vote.”",TikTok posts,2025-02-11,Barely True
Maria Ramirez Uribe,“FEMA sent $59M LAST WEEK to luxury hotels in New York City to house illegal migrants… That money is meant for American disaster relief.”,Elon Musk,2025-02-10,False
Sofia Ahmed,An episode of “The Simpsons” showed a President Donald Trump-like character in a coffin and predicted Feb. 14 would be the “day everything changes.”,Facebook posts,2025-02-11,Pants Fire
Loreben Tuquero,Former USAID Administrator Samantha Power’s net worth “skyrocketed” from $6.7 million to $30 million in three years.,Mario Nawfal,2025-02-09,False
Jeff Cercone,Pennsylvania Gov. Josh Shapiro is “being charged with the attempted assassination of Trump.”,Social Media,2025-02-10,Pants Fire
Kwasi Gyamfi Asiedu,"President Donald Trump said he “‘didn’t have time’ to meet the families of the men, women and children who tragically died in the plane crash.”",Threads posts,2025-02-05,False
Ciara O'Rourke,Photo shows National Intelligence Director Tulsi Gabbard and President Donald Trump at her swearing-in.,Viral image,2025-02-12,False
Caleb McCullough,"The United States is “last in education out of 40 states … but we're number one in cost per pupil.""",Donald Trump,2025-02-10,False
Sofia Ahmed,Elon Musk spent $40 million to buy five Super Bowl Commercial ads to promote DOGE.,Facebook posts,2025-02-08,False
Maria Briceño,Coca-Cola “sells out its own workers to ICE.”,Instagram posts,2025-02-07,False
Sara Swann,Video shows a sinkhole opened in New York City in February 2025.,Instagram posts,2025-02-12,False
Ciara O'Rourke,Video shows celebrities wearing T-shirts with graphics of a middle finger and the word “Kanye.”,Viral image,2025-02-11,False
Ciara O'Rourke,"Says Kash Patel said, “FBI investigation uncovers 256 emails between Adam Schiff and Jeffrey Epstein.”",Instagram posts,2025-02-10,False
Ciara O'Rourke,Photo shows Mexican President Claudia Sheinbaum wearing a “Make America Mexicana Again” hat.,Viral image,2025-01-15,False
Ciara O'Rourke,"Says Mexican President Claudia Sheinbaum told President Donald Trump, “They will beg us to tear down this ugly wall.”",Facebook posts,2025-02-09,False
Sofia Ahmed,"Bill Gates said, “Defunding USAID will bring about another mystery illness across the world.”",Social Media,2025-02-04,False
Ciara O'Rourke,“JAG arrests … USDA Inspector General Phyllis Fong.”,Facebook posts,2025-02-03,Pants Fire
Ciara O'Rourke,Video shows President Donald Trump was “booed at the Super Bowl.”,Viral image,2025-02-09,False
Ciara O'Rourke,"Says U.S. Sen. Elizabeth Warren said, “There is nothing in the Constitution that says ordinary citizens have a right to see what we spend our tax dollars on.”",Instagram posts,2025-02-09,False
Ciara O'Rourke,Photo shows someone raising two middle fingers at President Donald Trump at the 2025 Super Bowl.,Viral image,2025-02-09,False
Claire Cranford,President Donald Trump posted that “the Chiefs’ Super Bowl performance was a disaster” and “too focused on DEI nonsense.”,Threads posts,2025-02-09,False
Sofia Ahmed,A ‘60 Minutes’ clip shows Kamala Harris lying while cameras roll. “,Instagram posts,2025-02-06,False
Caleb McCullough,Ring is “alerting people about (Immigration and Customs Enforcement) raids.”,Instagram posts,2025-02-02,False
Madison Czopek,"As head football coach at Texas Tech University, “I recruited (Patrick Mahomes) ... I’ve got to be very good friends with him.”",Tommy Tuberville,2025-02-03,False
Maria Ramirez Uribe,"At Guantánamo Bay, “we'll have the capacity to continue to do there what we've always done. We've always had a presence of illegal immigrants there that have been detained.”",Kristi Noem,2025-02-02,Half True
Sofia Ahmed,"“Elon Musk officially cancelled USAID and fired all the staff. In his words, ‘we just toppled one of the biggest globalist terror organizations in history.’”",Facebook posts,2025-02-04,Barely True
Sara Swann,"CBS News and “60 Minutes” “replaced” former Vice President Kamala Harris’ interview answers “with completely different, and far better, answers, taken from another part of the interview.”",Donald Trump,2025-02-06,False
Kwasi Gyamfi Asiedu,The U.S. Army helicopter in the Jan. 29 plane collision was the same model of helicopter in the 2020 Kobe Bryant crash.,Instagram posts,2025-01-30,False
Ciara O'Rourke,Recent plane crashes in the United States were “human sacrifice rituals” for the Super Bowl.,Instagram posts,2025-02-01,Pants Fire
Loreben Tuquero,“Breaking news: Taylor Swift officially banned from Super Bowl 2025.”,Facebook posts,2025-02-04,False
Ciara O'Rourke,“Elon Musk says Italians should stay in Italy and the Japanese in Japan.”,Threads posts,2025-01-28,False
Ciara O'Rourke,An image of a website error code shows the Trump administration “trolling” former Vice President Kamala Harris.,Viral image,2025-01-31,False
Jeff Cercone,Graphic shows that the U.S. Agency for International Development paid Chelsea Clinton $84 million.,Social Media,2025-02-05,False
Sofia Ahmed,An E! News report said USAID paid millions of dollars to sponsor American celebrity visits to Ukraine.,Instagram posts,2025-02-05,Pants Fire
Maria Briceño,"""Empresa Coca-Cola le pide perdón a los inmigrantes y le envían un mensaje especial a todos los afectados"".",Facebook posts,2025-02-03,False
Madison Czopek,Early reports of four survivors show “this DC plane crash story isn’t adding up.”,Facebook posts,2025-01-30,False
Claire Cranford,On support for U.S. Agency for International Development,Marco Rubio,2025-02-03,Full Flop
Ciara O'Rourke,"Says Elon Musk said, the Pentagon was spending $600 million a year on sushi.",Facebook posts,2025-02-03,False
Ciara O'Rourke,Video shows Robert Kennedy Jr. promoting a diabetes cure.,Facebook posts,2025-01-27,False
Samantha Putterman,Florida’s in-state college tuition waiver for immigrants in the country illegally costs the state $41 million.,Randy Fine,2025-01-28,Barely True
Ciara O'Rourke,Video shows Robert Kennedy Jr. promoting a diabetes cure.,Facebook posts,2025-02-01,False
Loreben Tuquero,Video shows President Donald Trump saying Mexicans call him “peachy cool arrow.”,Instagram posts,2025-01-30,False
Maria Briceño,“Al patinador artístico estadounidense Jon Maravilla se le negó el embarque en el vuelo de American Airlines (hacía Washington D.C.) que posteriormente colisionó con un helicóptero”.,Threads posts,2025-01-31,False
Jeff Cercone,Federal websites updated with a nine-star flag that represents the Confederacy.,Social Media,2025-02-02,False
Amy Sherman,"From the U.S. Agency for International Development funding, “10 to 30 cents on the dollar is what actually goes to aid.”",Brian Mast,2025-02-02,False
Ciara O'Rourke,"Video shows a missile crashed in a Philadelphia neighborhood Jan. 31, not a jet.",Instagram posts,2025-01-31,False
Ciara O'Rourke,"“U.S. figure skater Jon Maravilla was reportedly prevented from boarding a doomed flight to Washington, D.C.”",Threads posts,2025-01-30,False
Maria Briceño,"“El gobernador de California le ha dejado las cosas bien claras a Donald Trump que si llega a deportar a los inmigrantes que viven en California el estado independizara de Estados Unidos y se unirá con México"".",Instagram posts,2025-01-23,False
Maria Briceño,"Mexico’s President Claudia Sheinbaum said, “I’m confused. I keep hearing everyone from America saying that my country is sending felons and (rapists) into their country. We thought that was encouraged … considering that’s what they chose to be their president.”",Instagram posts,2025-02-02,False
Sara Swann,"“The Trump administration is giving each and every adult in America $18,000.”",Instagram posts,2025-02-03,False
Caleb McCullough,Ukrainian President Volodymyr Zelenskyy “just threw the whole Ukraine money laundering operation under the bus … by stating he’s received less than half of the over $177 billion in aid sent by the United States.”,Facebook posts,2025-02-02,False
Sofia Ahmed,“Melania wins $900 million ‘defamation lawsuit’ against The View & Sunny Hostin.”,Threads posts,2025-02-01,False
Ciara O'Rourke,"Says White House Press Secretary Karoline Leavitt said, “Jesus didn’t have electricity and he did just fine.”",Threads posts,2025-02-01,False
Ciara O'Rourke,Video shows “airplane crash with helicopter in Washington D.C.”,Facebook posts,2025-01-30,False
Jeff Cercone,Ukrainian officials released list of “kickbacks” given to 18 U.S. politicians.,Facebook posts,2025-02-01,Pants Fire
Madison Czopek,CNN reported on the Potomac River plane and helicopter crash “hours before it happened.”,Instagram posts,2025-01-31,False
Ciara O'Rourke,“Elon Musk shocks the world by blocking Pride on X forever: ‘Children must come first.’”,Facebook posts,2025-01-28,False
Samantha Putterman,"The National Human Trafficking Hotline “in the last four years decided that they would no longer report tips to law enforcement, that they would take a more victim-centered approach.”",Ashley Moody,2025-01-30,False
Hope Karnopp,We’re one of the very few nations that allowed birthright citizenship.”,Ron Johnson,2025-01-26,Mostly True
Sofia Ahmed,The Black Hawk helicopter involved in the American Airlines crash “was being controlled remotely.”,Threads posts,2025-01-31,False
Ciara O'Rourke,"Video shows a dam breaking Sept. 28, 2024, in North Carolina.",Viral image,2025-01-14,False
Sara Swann,"Photo shows “a dangerous serial killer” named Jaden Williams in Monroe, Louisiana.",Facebook posts,2025-02-02,False
Loreben Tuquero,"“1,500 IRS agents have submitted letters of resignation after Trump announced he would put 90,000 superfluous IRS personnel on border patrol.”",Instagram posts,2025-01-27,False
Jeff Cercone,Photo shows Black Hawk helicopter pilot in fatal crash worked for years with President Joe Biden at the White House.,Instagram posts,2025-02-02,False
Ciara O'Rourke,"A Jan. 6, 2021, U.S. Capitol rioter pardoned by President Donald Trump was “killed when she used her 2A rights with a shotgun while being served for eviction.”",Threads posts,2025-01-29,False
Ciara O'Rourke,“A dangerous Hispanic couple” is “on the run after killing 3 female police officers.”,Facebook posts,2025-01-27,False
Ciara O'Rourke,Video shows “Donald Trump just announced that America will no longer give visas to Nigerians.”,Viral image,2025-01-25,False
Sofia Ahmed,“Donald Trump is reportedly furious with Elon Musk for convincing him to push out the head of the FAA because Musk was mad SpaceX got fined last September by the FAA for license violations.”,Threads posts,2025-01-31,False
Maria Briceño,Imagen muestra a oficiales de inmigración arrestando a un hombre vestido con una camisa de “Latinos for Trump 2024”.,Instagram posts,2025-01-29,False
Caleb McCullough,“I changed the Obama policy (on hiring air traffic controllers) ... And then Biden came in and he changed it.”,Donald Trump,2025-01-30,False
Ciara O'Rourke,“ICE just announced it is pausing the hotline where people can call to report undocumented immigrants because 90% of the calls are from people reporting Elon Musk.”,Threads posts,2025-01-29,False
Ciara O'Rourke,“The Episcopal Archdiocese of Washington has removed” Bishop Mariann Budde “from the National Cathedral.”,Threads posts,2025-01-24,False
Loreben Tuquero,“Pilot of Blackhawk helicopter that crashed into passenger jet at Reagan National was a transgender woman named Jo Ellis.”,Facebook posts,2025-01-31,Pants Fire
Louis Jacobson,"“As a Californian, we have given more to the recovery of other states than any other state in the union.”",Adam Schiff,2025-01-26,Mostly True
Jeff Cercone,The U.S. has an egg shortage because the “Biden administration and the Department of Agriculture directed the mass killing of more than 100 million chickens.”,Karoline Leavitt,2025-01-28,Half True
Ciara O'Rourke,"Says Treasury Secretary Scott Bessent posted on X, “I’m committed to eliminating income taxes, replacing them with a fair consumption tax, and adopting gold-backed currency.”",Viral image,2025-01-27,False
Sofia Ahmed,A video shows “people around the world” who are “protesting because Donald Trump is the president.”,Instagram posts,2025-01-28,False
Ciara O'Rourke,“Biden pardons are unconstitutional! 7th Circuit Court Judge Joseph Barron ruled that there is no provision to pardon someone who hasn’t been formally charged.”,Instagram posts,2025-01-24,False
Sofia Ahmed,“Pfizer just released its list of side effects of its COVID-19 vaccine.”,Facebook posts,2025-01-26,False
Sofia Ahmed,“The VIP on the Black Hawk helicopter that crashed was Barack Obama.”,X posts,2025-01-30,False
Ciara O'Rourke,Image shows immigration officers arresting someone wearing a “Latinos for Trump 2024” shirt in 2025.,Viral image,2025-01-28,False
Ciara O'Rourke,"Images show a “beautiful baby boy, estimated to be between 7 months to a year old … found dumped by the roadside” in January 2025.",Facebook posts,2025-01-25,False
Sara Swann,Robert F. Kennedy Jr. “made $2.5 million off suing one of the entities that (he would be regulating) and plans to keep getting a take of every lawsuit in the future.”,Elizabeth Warren,2025-01-29,Half True
Caleb McCullough,“DOGE and OMB also found that there was about to be $50 million taxpayer dollars that went out the door to fund condoms in Gaza.”,Karoline Leavitt,2025-01-28,False
Madison Czopek,"“JD Vance is in North Carolina, and he’s found furnished apartments to put the people in that have been living in tents.”",TikTok posts,2025-01-24,False
Ciara O'Rourke,Reps. Alexandria Ocasio-Cortez and Jamie Raskin “have filed articles of impeachment against President Trump for pardoning the J6 prisoners.”,Threads posts,2025-01-24,False
Amy Sherman,"""The Biden administration kicked 2,000 displaced North Carolinians out of their temporary housing into freezing 20-degree weather,"" earlier in January.",Donald Trump,2025-01-24,Barely True
